ID,User_PID,Payment_Type,Provider,Account_No
201,1,Credit Card,Visa,1234567890
202,2,PayPal,PayPal,9876543210
203,3,Credit Card,MasterCard,5.55544E+15
204,4,Google Pay,Google,1.11122E+15
205,5,Apple Pay,Apple,4.44433E+15
206,6,Debit Card,American Express,6.66656E+15
207,7,PayPal,PayPal,3.33344E+15
208,8,Credit Card,Visa,2.22211E+15
209,9,Google Pay,Google,7.77767E+15
210,10,Apple Pay,Apple,8.88878E+15
211,11,Credit Card,MasterCard,4.44433E+15
212,12,PayPal,PayPal,5.55544E+15
213,13,Credit Card,Visa,6.66656E+15
214,14,Google Pay,Google,9.99989E+15
215,15,Apple Pay,Apple,3.33322E+15
216,16,Debit Card,American Express,8.88878E+15
217,17,PayPal,PayPal,5.55544E+15
218,18,Credit Card,Visa,7.77767E+15
219,19,Google Pay,Google,2.22211E+15
220,20,Apple Pay,Apple,6.66656E+15
221,21,Credit Card,MasterCard,3.33322E+15
222,22,PayPal,PayPal,4.44433E+15
223,23,Credit Card,Visa,7.77767E+15
224,24,Google Pay,Google,5.55544E+15
225,25,Apple Pay,Apple,9.99989E+15
226,26,Debit Card,American Express,4.44433E+15
227,27,PayPal,PayPal,2.22211E+15
228,28,Credit Card,Visa,5.55544E+15
229,29,Google Pay,Google,6.66656E+15
230,30,Apple Pay,Apple,3.33344E+15
231,31,Credit Card,MasterCard,7.77767E+15
232,32,PayPal,PayPal,8.88878E+15
233,33,Credit Card,Visa,4.44433E+15
234,34,Google Pay,Google,5.55544E+15
235,35,Apple Pay,Apple,7.77767E+15
236,36,Debit Card,American Express,2.22211E+15
237,37,PayPal,PayPal,4.44433E+15
238,38,Credit Card,Visa,6.66656E+15
239,39,Google Pay,Google,7.77767E+15
240,40,Apple Pay,Apple,5.55544E+15
